{"entries":[{"cache_id":"0f603c4a-f0c9-4df0-8e5d-756be29b9786","count_resumable_error_state":0,"days_of_use":[19321],"icons_folder":"b0050b65-e6df-4728-b3a3-51ea84860174","install_source":0,"install_time":"13313915449970721","is_unchecked":false,"last_access_time":"13313943861410269","last_manifest_validation_time":"13313943864506365","last_update_time":"13313915449970721","manifest":{"name":"Yandex Browser NTP page","yandex":{"app_version":"3.3.6.984","base_url":"/","cache":{"cache_expires":"never","resources":[".","static/chunks/if-defined-0e88cd07.js","static/chunks/lang_be-e160e6d4.js","static/chunks/lang_bn-1a775125.js","static/chunks/lang_cs-b3b6572d.js","static/chunks/lang_de-eefb430c.js","static/chunks/lang_en-ad47f9af.js","static/chunks/lang_es-15e6cd7b.js","static/chunks/lang_es-la-9a00f788.js","static/chunks/lang_fr-037916f7.js","static/chunks/lang_gu-632f70df.js","static/chunks/lang_hi-8b93ec7c.js","static/chunks/lang_id-4c28f14b.js","static/chunks/lang_it-1c24473f.js","static/chunks/lang_ja-ad6668af.js","static/chunks/lang_kk-3cdeb3bf.js","static/chunks/lang_kn-949e9707.js","static/chunks/lang_ml-687fee4a.js","static/chunks/lang_mr-e365af1b.js","static/chunks/lang_pa-00d6c814.js","static/chunks/lang_pt-38d64a21.js","static/chunks/lang_pt-br-cffe1066.js","static/chunks/lang_ta-28c375b8.js","static/chunks/lang_te-ce546338.js","static/chunks/lang_tr-21dfa8b2.js","static/chunks/lang_uk-ab5ab8d5.js","static/chunks/lang_ur-90a5061e.js","static/chunks/lang_uz-e137d299.js","static/chunks/lang_zh-Hans-f0446fbf.js","static/chunks/lang_zh-Hant-e8f4b091.js","static/chunks/ntp_overlay_manager-f1ecba13.js","static/chunks/ntp_tablo_editor-e19a4366.js","static/chunks/ntp_widgets-2dea69a0.js","static/chunks/rum_counter-6f881f11.js","static/media/common/images/favicon_bookmarks-1a8ca1f6f5.png","static/media/common/images/favicon_bookmarks@2x-3963694c7b.png","static/media/common/images/favicon_devices_tabs-6c2fb43eed.png","static/media/common/images/favicon_devices_tabs@2x-cd214213cb.png","static/media/common/images/favicon_downloads-38b8cd786a.png","static/media/common/images/favicon_downloads@2x-3506efcb52.png","static/media/common/images/favicon_empty-b91aded947.png","static/media/common/images/favicon_empty@2x-af937e6a84.png","static/media/common/images/favicon_history-918e46f861.png","static/media/common/images/favicon_history@2x-0c7a06d53e.png","static/media/common/images/favicon_personal-8160bc81e9.png","static/media/common/images/favicon_personal@2x-faf0b3b440.png","static/media/common/images/favicon_protect-a32f4fa58a.png","static/media/common/images/favicon_protect@2x-9bb5d8d39c.png","static/media/common/images/favicon_settings-fa7ead9438.png","static/media/common/images/favicon_settings@2x-ba1743a3a6.png","static/media/common/images/favicon_store-53ae17bf49.png","static/media/common/images/favicon_store@2x-97a4ad1d8a.png","static/media/common/images/plus-dd1054c48f.svg","static/media/components/ntp_folder_view/images/close-6e9356068a.svg","static/media/components/ntp_folder_view/ntp_folder_view_menu/images/menu_add_button_icon-787d1ebfc6.svg","static/media/components/ntp_overlay_manager/ntp_recently_closed_dropdown/images/folder-b49bc6c142.svg","static/media/components/ntp_overlay_manager/ntp_recently_closed_dropdown/images/window-73e973acb5.svg","static/media/components/ntp_page/ntp_page_incognito_cookie_section/ntp_page_incognito_cookie_section_control/images/arrow-f438a57974.svg","static/media/components/ntp_page/ntp_page_menu/images/menu_add_button_icon-787d1ebfc6.svg","static/media/components/ntp_ribbon/images/arrow-ca741db728.svg","static/media/components/ntp_scrollbar/images/arrow-d16da20199.svg","static/media/components/ntp_settings_bubble/images/classic-4dc7fab6bf.png","static/media/components/ntp_settings_bubble/images/custom-0d05e3caf2.png","static/media/components/ntp_settings_bubble/images/info-3c976f2398.png","static/media/components/ntp_settings_bubble/images/minimal-e259b8d819.png","static/media/components/ntp_settings_bubble/images/work-5db7cdc49f.png","static/media/components/ntp_settings_button/images/gear-21e8e09712.svg","static/media/components/ntp_tablo/ntp_tablo_tile_settings/images/delete-7556c3b825.svg","static/media/components/ntp_tablo/ntp_tablo_tile_settings/images/edit-8964f893de.svg","static/media/components/ntp_tablo/ntp_tablo_tile_settings/images/pin-bdfeb98db3.svg","static/media/components/ntp_tablo/ntp_tablo_tile_settings/images/unpin-164ae81474.svg","static/media/components/ntp_tablo_menu/images/history-e8e0007446.svg","static/media/components/ntp_tablo_menu/images/kebab-9537c1f1b0.svg","static/media/components/ntp_tablo_menu/images/plus-f3e56fc8a5.svg","static/media/components/ntp_tablo_settings_menu/images/add_button-111d90f7cb.svg","static/media/components/ntp_tablo_settings_menu/images/gallery_button-2c6b68d19e.svg","static/media/components/ntp_text_input/images/clear-5d51d843a0.svg","static/media/components/ntp_widgets/images/widgets_settings_gear-ad8e3038d1.svg","static/media/components/ntp_widgets/ntp_portal_informer/images/yandex_logo-03fb6c2376.svg","static/media/components/ntp_widgets/ntp_widget_base/images/cross-7d233bf4c7.svg","static/media/fonts/YandexSansDisplay-Bold-87d0af6703.woff2","static/media/fonts/YandexSansDisplay-Light-92c0e31a63.woff2","static/media/fonts/YandexSansDisplay-Regular-6094cf9c2a.woff2","static/media/fonts/YandexSansDisplay-RegularItalic-3d96abb5a3.woff2","static/media/fonts/YandexSansDisplay-Thin-46b6f1aea1.woff2","static/media/fonts/YandexSansDisplay-Thin-b57b99ab68.woff","static/media/fonts/YandexSansText-Bold-545a82c125.woff2","static/media/fonts/YandexSansText-Light-e4ae39bd25.woff2","static/media/fonts/YandexSansText-Medium-03b52d8fb5.woff2","static/media/fonts/YandexSansText-Regular-b274e950c7.woff2","static/ntp-3b64f9b6.js","static/rum_counter_init-0968809a.js"],"resources_hashed":{".":"dd83ae1eb0f","static/chunks/if-defined-0e88cd07.js":"d14f4a36de2","static/chunks/lang_be-e160e6d4.js":"dc0ea129223","static/chunks/lang_bn-1a775125.js":"996b5a7fa88","static/chunks/lang_cs-b3b6572d.js":"28e1a188305","static/chunks/lang_de-eefb430c.js":"fc49de94c5a","static/chunks/lang_en-ad47f9af.js":"996b5a7fa88","static/chunks/lang_es-15e6cd7b.js":"452daa36291","static/chunks/lang_es-la-9a00f788.js":"996b5a7fa88","static/chunks/lang_fr-037916f7.js":"653e2adc677","static/chunks/lang_gu-632f70df.js":"996b5a7fa88","static/chunks/lang_hi-8b93ec7c.js":"996b5a7fa88","static/chunks/lang_id-4c28f14b.js":"996b5a7fa88","static/chunks/lang_it-1c24473f.js":"301a4db6461","static/chunks/lang_ja-ad6668af.js":"8e5efde044d","static/chunks/lang_kk-3cdeb3bf.js":"b42e20ee704","static/chunks/lang_kn-949e9707.js":"996b5a7fa88","static/chunks/lang_ml-687fee4a.js":"996b5a7fa88","static/chunks/lang_mr-e365af1b.js":"996b5a7fa88","static/chunks/lang_pa-00d6c814.js":"996b5a7fa88","static/chunks/lang_pt-38d64a21.js":"1c6e8b91c4e","static/chunks/lang_pt-br-cffe1066.js":"fb05a3fceae","static/chunks/lang_ta-28c375b8.js":"996b5a7fa88","static/chunks/lang_te-ce546338.js":"996b5a7fa88","static/chunks/lang_tr-21dfa8b2.js":"ffb0bc302d8","static/chunks/lang_uk-ab5ab8d5.js":"3b47cf6e6ad","static/chunks/lang_ur-90a5061e.js":"996b5a7fa88","static/chunks/lang_uz-e137d299.js":"0cb499408f5","static/chunks/lang_zh-Hans-f0446fbf.js":"60a45f99ced","static/chunks/lang_zh-Hant-e8f4b091.js":"ff2acf0f328","static/chunks/ntp_overlay_manager-f1ecba13.js":"6bbe9c55394","static/chunks/ntp_tablo_editor-e19a4366.js":"cb32168ee50","static/chunks/ntp_widgets-2dea69a0.js":"25951d4aee0","static/chunks/rum_counter-6f881f11.js":"fae71abbf83","static/media/common/images/favicon_bookmarks-1a8ca1f6f5.png":"d801dd86526","static/media/common/images/favicon_bookmarks@2x-3963694c7b.png":"a5b9726b133","static/media/common/images/favicon_devices_tabs-6c2fb43eed.png":"20175072b98","static/media/common/images/favicon_devices_tabs@2x-cd214213cb.png":"ec7d324b4c1","static/media/common/images/favicon_downloads-38b8cd786a.png":"a517d4c5c10","static/media/common/images/favicon_downloads@2x-3506efcb52.png":"ee579607113","static/media/common/images/favicon_empty-b91aded947.png":"ea1292ab625","static/media/common/images/favicon_empty@2x-af937e6a84.png":"9c19fff3023","static/media/common/images/favicon_history-918e46f861.png":"54f67973671","static/media/common/images/favicon_history@2x-0c7a06d53e.png":"7dca06dee26","static/media/common/images/favicon_personal-8160bc81e9.png":"007eefe70a4","static/media/common/images/favicon_personal@2x-faf0b3b440.png":"09e25b36adc","static/media/common/images/favicon_protect-a32f4fa58a.png":"0abfbe05fbb","static/media/common/images/favicon_protect@2x-9bb5d8d39c.png":"f33ff5e1540","static/media/common/images/favicon_settings-fa7ead9438.png":"9d018f266f5","static/media/common/images/favicon_settings@2x-ba1743a3a6.png":"51ec087d0e4","static/media/common/images/favicon_store-53ae17bf49.png":"4c274c38bf6","static/media/common/images/favicon_store@2x-97a4ad1d8a.png":"0e7ae886e93","static/media/common/images/plus-dd1054c48f.svg":"f90eaac77cc","static/media/components/ntp_folder_view/images/close-6e9356068a.svg":"6ca12b6c387","static/media/components/ntp_folder_view/ntp_folder_view_menu/images/menu_add_button_icon-787d1ebfc6.svg":"efb02802176","static/media/components/ntp_overlay_manager/ntp_recently_closed_dropdown/images/folder-b49bc6c142.svg":"111cdbd4e08","static/media/components/ntp_overlay_manager/ntp_recently_closed_dropdown/images/window-73e973acb5.svg":"d76274a1ade","static/media/components/ntp_page/ntp_page_incognito_cookie_section/ntp_page_incognito_cookie_section_control/images/arrow-f438a57974.svg":"5062e117e6d","static/media/components/ntp_page/ntp_page_menu/images/menu_add_button_icon-787d1ebfc6.svg":"efb02802176","static/media/components/ntp_ribbon/images/arrow-ca741db728.svg":"46a5a48bcdd","static/media/components/ntp_scrollbar/images/arrow-d16da20199.svg":"76129ce355b","static/media/components/ntp_settings_bubble/images/classic-4dc7fab6bf.png":"e6b415b9fa5","static/media/components/ntp_settings_bubble/images/custom-0d05e3caf2.png":"ecd51bb174e","static/media/components/ntp_settings_bubble/images/info-3c976f2398.png":"cc51c74e926","static/media/components/ntp_settings_bubble/images/minimal-e259b8d819.png":"71d9d447c39","static/media/components/ntp_settings_bubble/images/work-5db7cdc49f.png":"60dc5693585","static/media/components/ntp_settings_button/images/gear-21e8e09712.svg":"d295766ab76","static/media/components/ntp_tablo/ntp_tablo_tile_settings/images/delete-7556c3b825.svg":"1e8e59eebe2","static/media/components/ntp_tablo/ntp_tablo_tile_settings/images/edit-8964f893de.svg":"b7781565581","static/media/components/ntp_tablo/ntp_tablo_tile_settings/images/pin-bdfeb98db3.svg":"bcd56ac1b18","static/media/components/ntp_tablo/ntp_tablo_tile_settings/images/unpin-164ae81474.svg":"fab7f8c7c1e","static/media/components/ntp_tablo_menu/images/history-e8e0007446.svg":"59fed4e7c62","static/media/components/ntp_tablo_menu/images/kebab-9537c1f1b0.svg":"eedca79eef9","static/media/components/ntp_tablo_menu/images/plus-f3e56fc8a5.svg":"98b8ee81f58","static/media/components/ntp_tablo_settings_menu/images/add_button-111d90f7cb.svg":"33a7f14ea01","static/media/components/ntp_tablo_settings_menu/images/gallery_button-2c6b68d19e.svg":"cc8b942a6c1","static/media/components/ntp_text_input/images/clear-5d51d843a0.svg":"35a740fdf32","static/media/components/ntp_widgets/images/widgets_settings_gear-ad8e3038d1.svg":"4a1f9f6e461","static/media/components/ntp_widgets/ntp_portal_informer/images/yandex_logo-03fb6c2376.svg":"5762d3c264d","static/media/components/ntp_widgets/ntp_widget_base/images/cross-7d233bf4c7.svg":"bc185ba4891","static/media/fonts/YandexSansDisplay-Bold-87d0af6703.woff2":"d899278f9db","static/media/fonts/YandexSansDisplay-Light-92c0e31a63.woff2":"b148e5eca9a","static/media/fonts/YandexSansDisplay-Regular-6094cf9c2a.woff2":"a5e9a53d12d","static/media/fonts/YandexSansDisplay-RegularItalic-3d96abb5a3.woff2":"4402eb9603d","static/media/fonts/YandexSansDisplay-Thin-46b6f1aea1.woff2":"3bbc3fa0261","static/media/fonts/YandexSansDisplay-Thin-b57b99ab68.woff":"3bffa77034b","static/media/fonts/YandexSansText-Bold-545a82c125.woff2":"10c1c2dba78","static/media/fonts/YandexSansText-Light-e4ae39bd25.woff2":"17d38b8fd83","static/media/fonts/YandexSansText-Medium-03b52d8fb5.woff2":"65195c3a4d3","static/media/fonts/YandexSansText-Regular-b274e950c7.woff2":"c0c171b6311","static/ntp-3b64f9b6.js":"3035e72b639","static/rum_counter_init-0968809a.js":"b8050902eef"}},"manifest_version":1}},"native_cache_used_size":1264468,"state":3,"url":"https://brontp-pre.yandex.ru/manifest.json"}],"version":1}