{
   "apps_api": [
    ],
   "apps_blacklist": [
	],
   "apps_promo_list": [
    "https://music.yandex.com.tr/*",
    "https://ceviri.yandex.com.tr/*"
    ],
   "apps_store": [ {
      "apps": [ {
         "icon_url": "https://browser-resources.s3.yandex.net/old/get/browser/launcher_images/windows/yandex/pochta_win.targetsize-256.png",
         "name": "Yandex.Mail",
         "scope": "https://mail.yandex.com.tr/"
      },{
         "icon_url": "https://browser-resources.s3.yandex.net/old/get/browser/launcher_images/windows/yandex/translator_win.targetsize-256.png",
         "name": "yandex.Translate",
         "scope": "https://ceviri.yandex.com.tr/"
      },{
         "icon_url": "https://browser-resources.s3.yandex.net/old/get/browser/launcher_images/windows/yandex/disk_win.targetsize-256.png",
         "name": "Yandex.Disk",
         "scope": "https://disk.yandex.com.tr/"
      },{
         "icon_url": "https://browser-resources.s3.yandex.net/old/get/browser/launcher_images/windows/yandex/maps_win.targetsize-256.png",
         "name": "Yandex.Maps",
         "scope": "https://yandex.com.tr/harita/"
      },{
         "icon_url": "https://browser-resources.s3.yandex.net/old/get/browser/launcher_images/windows/yandex/efir_win.targetsize-256.png",
         "name": "Yandex.Efir",
         "scope": "https://yandex.com.tr/efir/"
      },{
         "icon_url": "https://browser-resources.s3.yandex.net/old/get/browser/launcher_images/windows/yandex/pogoda_win.targetsize-256.png",
         "name": "Yandex.Weather",
         "scope": "https://yandex.com.tr/hava/"
      },{
         "icon_url": "https://browser-resources.s3.yandex.net/old/get/browser/launcher_images/windows/yandex/kartinki_win.targetsize-256.png",
         "name": "Yandex.Images",
         "scope": "https://yandex.com.tr/gorsel/"
      },{
         "icon_url": "https://browser-resources.s3.yandex.net/old/get/browser/launcher_images/windows/yandex/video_win.targetsize-256.png",
         "name": "Yandex.Video",
         "scope": "https://yandex.com.tr/video/"
      } ],
      "name": "Yandex Apps"
   }, {
      "apps": [ {
         "icon_url": "https://browser-resources.s3.yandex.net/old/get/browser/launcher_images/windows/not_yandex/whatsapp_win.targetsize-256.png",
         "name": "WhatsApp",
         "scope": "https://web.whatsapp.com/"
      }, {
         "icon_url": "https://browser-resources.s3.yandex.net/old/get/browser/launcher_images/windows/not_yandex/telegram_win.targetsize-256.png",
         "name": "Telegram",
         "scope": "https://web.telegram.org/"
      }, {
         "icon_url": "https://browser-resources.s3.yandex.net/old/get/browser/launcher_images/windows/not_yandex/messenger_win.targetsize-256.png",
         "name": "Messenger",
         "scope": "https://www.messenger.com/"
      }, {
         "icon_url": "https://browser-resources.s3.yandex.net/old/get/browser/launcher_images/windows/not_yandex/skype_win.targetsize-256.png",
         "name": "Skype",
         "scope": "https://web.skype.com/"
      }, {
         "icon_url": "https://browser-resources.s3.yandex.net/old/get/browser/launcher_images/windows/not_yandex/discord_win.targetsize-256.png",
         "name": "Discord",
         "scope": "https://discord.com/"
      }, {
         "icon_url": "https://browser-resources.s3.yandex.net/old/get/browser/launcher_images/windows/not_yandex/slack_win.targetsize-256.png",
         "name": "Slack",
         "scope": "https://slack.com/"
      }  ],
      "name": "Messengers"
   } ],
   "default_apps": [ {
      "install": "all",
      "scope": "https://mail.yandex.com.tr/"
   } ]
}
