{
   "apps_api": [
    ],
   "apps_blacklist": [
	],
   "apps_prepopulate_whitelist": [
     "https://mail.yandex.com/*",
	 "https://calendar.yandex.com/*",
	 "https://yandex.com/maps/*",
	 "https://yandex.com/weather/*",
	 "https://market.yandex.com/*",
	 "https://music.yandex.com/*",
	 "https://translate.yandex.com/*",
	 "https://direct.yandex.com/*",
	 "https://metrika.yandex.com/*",
	 "https://yandex.com/games/*",
	 "https://disk.yandex.com/*"
    ],
   "apps_list_autoinstall": [
    "https://calendar.yandex.com/*",
    "https://yandex.com/maps/*",
    "https://yandex.com/weather/*",
    "https://zen.yandex.com/*",
    "https://market.yandex.com/*"
    ],
   "apps_promo_list": [
    "https://music.yandex.com/*",
    "https://translate.yandex.com/*"
    ],
   "apps_store": [ {
      "apps": [ {
         "icon_url": "https://browser-resources.s3.yandex.net/old/get/browser/launcher_images/windows/yandex/pochta_win.targetsize-256.png",
         "name": "Yandex.Mail",
         "scope": "https://mail.yandex.com/"
      },{
         "icon_url": "https://browser-resources.s3.yandex.net/old/get/browser/launcher_images/windows/yandex/translator_win.targetsize-256.png",
         "name": "yandex.Translate",
         "scope": "https://translate.yandex.com/"
      },{
         "icon_url": "https://browser-resources.s3.yandex.net/old/get/browser/launcher_images/windows/yandex/disk_win.targetsize-256.png",
         "name": "Yandex.Disk",
         "scope": "https://disk.yandex.com/"
      },{
         "icon_url": "https://browser-resources.s3.yandex.net/old/get/browser/launcher_images/windows/yandex/maps_win.targetsize-256.png",
         "name": "Yandex.Maps",
         "scope": "https://yandex.com/maps/"
      },{
         "icon_url": "https://browser-resources.s3.yandex.net/old/get/browser/launcher_images/windows/yandex/pogoda_win.targetsize-256.png",
         "name": "Yandex.Weather",
         "scope": "https://yandex.com/weather/"
      },{
         "icon_url": "https://browser-resources.s3.yandex.net/old/get/browser/launcher_images/windows/yandex/kartinki_win.targetsize-256.png",
         "name": "Yandex.Images",
         "scope": "https://yandex.com/images/"
      },{
         "icon_url": "https://browser-resources.s3.yandex.net/old/get/browser/launcher_images/windows/yandex/video_win.targetsize-256.png",
         "name": "Yandex.Video",
         "scope": "https://yandex.com/video/"
      },{
         "icon_url": "https://browser-resources.s3.yandex.net/old/get/browser/launcher_images/windows/not_yandex/google_docs_win.targetsize-256.png",
         "name": "Google Docs",
         "scope": "https://docs.google.com/"
      },{
         "icon_url": "https://browser-resources.s3.yandex.net/old/get/browser/launcher_images/windows/not_yandex/gmail_win.targetsize-256.png",
         "name": "GMail",
         "scope": "https://mail.google.com/"
      },{
         "icon_url": "https://browser-resources.s3.yandex.net/old/get/browser/launcher_images/windows/not_yandex/twitter_win.targetsize-256.png",
         "name": "Twitter",
         "scope": "https://twitter.com/"
      }  ],
      "name": "Popular Apps"
   }, {
      "apps": [ {
         "icon_url": "https://browser-resources.s3.yandex.net/old/get/browser/launcher_images/windows/not_yandex/whatsapp_win.targetsize-256.png",
         "name": "WhatsApp",
         "scope": "https://web.whatsapp.com/"
      }, {
         "icon_url": "https://browser-resources.s3.yandex.net/old/get/browser/launcher_images/windows/not_yandex/telegram_win.targetsize-256.png",
         "name": "Telegram",
         "scope": "https://web.telegram.org/"
      }, {
         "icon_url": "https://browser-resources.s3.yandex.net/old/get/browser/launcher_images/windows/not_yandex/messenger_win.targetsize-256.png",
         "name": "Messenger",
         "scope": "https://www.messenger.com/"
      }, {
         "icon_url": "https://browser-resources.s3.yandex.net/old/get/browser/launcher_images/windows/not_yandex/skype_win.targetsize-256.png",
         "name": "Skype",
         "scope": "https://web.skype.com/"
      }, {
         "icon_url": "https://browser-resources.s3.yandex.net/old/get/browser/launcher_images/windows/not_yandex/discord_win.targetsize-256.png",
         "name": "Discord",
         "scope": "https://discord.com/"
      }, {
         "icon_url": "https://browser-resources.s3.yandex.net/old/get/browser/launcher_images/windows/not_yandex/slack_win.targetsize-256.png",
         "name": "Slack",
         "scope": "https://slack.com/"
      }  ],
      "name": "Messengers"
   } ],
   "default_apps": [ {
      "install": "all",
      "scope": "https://mail.yandex.com/"
   } ]
}
