{   
   "apps_api": [
    ],
   "apps_blacklist": [
	],
   "apps_promo_list": [
    "https://music.yandex.ru/*",
    "https://translate.yandex.ru/*",
    "https://hd.kinopoisk.ru/*",
    "https://www.gosuslugi.ru/*"
    ],
   "apps_store": [ {
      "apps": [ {
         "scope": "https://mail.yandex.ru/"
      }, {
         "scope": "https://calendar.yandex.ru/"
      }, {
         "scope": "https://translate.yandex.ru/"
      },{
         "scope": "https://disk.yandex.ru/"
      },{
         "scope": "https://yandex.ru/maps/"
      }, {
         "scope": "https://taxi.yandex.ru/"
      }, {
         "scope": "https://eda.yandex/"
      }, {
         "scope": "https://yandex.ru/pogoda/"
      }, {
         "scope": "https://music.yandex.ru/"
      }, {
         "scope": "https://hd.kinopoisk.ru/"
      }, {
         "scope": "https://yandex.ru/uslugi/"
      }, {
         "scope": "https://zen.yandex.ru/"
      }, {
         "scope": "https://market.yandex.ru/"
      }  ],
      "name": "Приложения Яндекса"
   }, {
      "apps": [ {
         "scope": "https://web.whatsapp.com/"
      }, {
         "scope": "https://web.telegram.org/"
      }, {
         "scope": "https://www.messenger.com/"
      }, {
         "scope": "https://web.skype.com/"
      }, {
         "scope": "https://discord.com/"
      }, {
         "scope": "https://slack.com/"
      }  ],
      "name": "Мессенджеры"
   }, {
      "apps": [ {
         "scope": "https://vk.com/"
      }, {
         "scope": "https://ok.ru/"
      }, {
         "scope": "https://twitter.com/"
      }, {
         "scope": "https://www.tiktok.com/"
      }, {
         "scope": "https://www.youtube.com/"
      }, {
         "scope": "https://www.pinterest.ru/"
      }  ],
      "name": "Социальные сети"
   }, {
      "apps": [ {
         "scope": "https://docs.google.com/"
      }, {
         "scope": "https://drive.google.com/"
      }, {
         "scope": "https://mail.google.com/"
      }, {
         "scope": "https://e.mail.ru/"
      }, {
         "scope": "https://www.office.com/"
      }, {
         "scope": "https://www.icloud.com/"
      }, {
         "scope": "https://www.yaklass.ru/"
      }, {
         "scope": "https://www.figma.com/"
      }, {
         "scope": "https://online.sberbank.ru/"
      }, {
         "scope": "https://www.tinkoff.ru/"
      }, {
         "scope": "https://www.gosuslugi.ru/"
      }, {
         "scope": "https://docs.yandex.ru/docs/docx/"
      }, {
         "scope": "https://docs.yandex.ru/docs/xlsx/"
      }, {
         "scope": "https://docs.yandex.ru/docs/pptx/"
      }  ],
      "name": "Производительность"
   }, {
      "apps": [ {
         "scope": "https://yandex.ru/games/"
      }, {
         "scope": "https://store.steampowered.com/"
      }, {
         "scope": "https://www.twitch.tv/"
      }, {
         "scope": "https://music.yandex.ru/"
      }, {
         "scope": "https://open.spotify.com/"
      }, {
         "scope": "https://hd.kinopoisk.ru/"
      }, {
         "scope": "https://zen.yandex.ru/"
      }, {
         "scope": "https://www.gog.com/"
      }, {
         "scope": "https://www.epicgames.com/"
      }, {
         "scope": "https://play.geforcenow.com/"
      }  ],
      "name": "Развлечения"
   }, {
       "apps": [ {
         "scope": "https://market.yandex.ru/"
      }, {
         "scope": "https://www.ozon.ru/"
      }, {
         "scope": "https://www.avito.ru/"
      }, {
         "scope": "https://aliexpress.ru/"
      }  ],
      "name": "Покупки"
   } ],
   "default_apps": [ {
      "install": "all",
      "scope": "https://mail.yandex.ru/"
   } ]
}
