{
   "apps_api": [
    ],
   "apps_blacklist": [
	],
   "apps_promo_list": [
    "https://music.yandex.kz/*",
    "https://translate.yandex.kz/*",
    "https://yandex.kz/q/*"
    ],
   "apps_store": [ {
      "apps": [ {
         "scope": "https://mail.yandex.kz/"
      }, {
         "scope": "https://calendar.yandex.kz/"
      }, {
         "scope": "https://translate.yandex.kz/"
      },{
         "scope": "https://disk.yandex.kz/"
      },{
         "scope": "https://yandex.kz/maps/"
      }, {
         "scope": "https://taxi.yandex.kz/"
      },{
         "scope": "https://music.yandex.kz/"
      },{
         "scope": "https://yandex.kz/efir/"
      }, {
         "scope": "https://yandex.kz/pogoda/"
      }, {
         "scope": "https://yandex.kz/uslugi/"
      }, {
         "scope": "https://yandex.kz/q/"
      }, {
         "scope": "https://zen.yandex.kz/"
      }, {
         "scope": "https://market.yandex.kz/"
      }  ],
      "name": "Приложения Яндекса"
   }, {
      "apps": [ {
         "scope": "https://web.whatsapp.com/"
      }, {
         "scope": "https://web.telegram.org/"
      }, {
         "scope": "https://www.messenger.com/"
      }, {
         "scope": "https://web.skype.com/"
      }, {
         "scope": "https://discord.com/"
      }, {
         "scope": "https://slack.com/"
      }  ],
      "name": "Мессенджеры"
   }, {
      "apps": [ {
         "scope": "https://vk.com/"
      }, {
         "scope": "https://ok.ru/"
      }, {
         "scope": "https://twitter.com/"
      }, {
         "scope": "https://www.tiktok.com/"
      }, {
         "scope": "https://www.youtube.com/"
      }, {
         "scope": "https://www.pinterest.com/"
      }  ],
      "name": "Социальные сети"
   }, {
      "apps": [ {
         "scope": "https://docs.google.com/"
      }, {
         "scope": "https://drive.google.com/"
      }, {
         "scope": "https://mail.google.com/"
      }, {
         "scope": "https://www.office.com/"
      }, {
         "scope": "https://www.icloud.com/"
      }, {
         "scope": "https://www.figma.com/"
      }  ],
      "name": "Производительность"
   }, {
      "apps": [ {
         "scope": "https://yandex.kz/games/"
      }, {
         "scope": "https://store.steampowered.com/"
      }, {
         "scope": "https://www.twitch.tv/"
      }, {
         "scope": "https://music.yandex.kz/"
      }, {
         "scope": "https://open.spotify.com/"
      }, {
         "scope": "https://zen.yandex.kz/"
      }  ],
      "name": "Развлечения"
   }  ],
   "default_apps": [ {
      "install": "all",
      "scope": "https://mail.yandex.kz/"
   } ]
}
