{   
   "apps_api": [
    ],
   "apps_blacklist": [
	],
   "apps_prepopulate_whitelist": [
     "https://mail.yandex.ru/*",
	 "https://calendar.yandex.ru/*",
	 "https://yandex.ru/maps/*",
	 "https://yandex.ru/pogoda/*",
	 "https://market.yandex.ru/*",
	 "https://music.yandex.ru/*",
	 "https://translate.yandex.ru/*",
	 "https://hd.kinopoisk.ru/*",
	 "https://local.yandex.ru/*",
	 "https://yandex.ru/q/*",
	 "https://taxi.yandex.ru/*",
	 "https://eda.yandex/*",
	 "https://yandex.ru/uslugi*",
	 "https://travel.yandex.ru/*",
	 "https://telemost.yandex.ru/*",
	 "https://direct.yandex.ru/*",
	 "https://metrika.yandex.ru/*",
	 "https://yandex.ru/games/*",
	 "https://disk.yandex.ru/*",
	 "https://yandex.ru/efir*"
    ],
   "apps_list_autoinstall": [
    "https://calendar.yandex.ru/*",
    "https://yandex.ru/maps/*",
    "https://yandex.ru/pogoda/*",
    "https://zen.yandex.ru/*",
    "https://market.yandex.ru/*"
    ],
   "apps_promo_list": [
    "https://music.yandex.ru/*",
    "https://translate.yandex.ru/*",
    "https://hd.kinopoisk.ru/*",
    "https://www.gosuslugi.ru/*",
    "https://local.yandex.ru/*",
    "https://yandex.ru/q/*"
    ],
   "apps_store": [ {
      "apps": [ {
         "icon_url": "https://browser-resources.s3.yandex.net/old/get/browser/launcher_images/windows/yandex/pochta_win.targetsize-256.png",
         "name": "Почта",
         "scope": "https://mail.yandex.ru/"
      }, {
         "icon_url": "https://browser-resources.s3.yandex.net/old/get/browser/launcher_images/windows/yandex/corp_calendar_win.targetsize-256.png",
         "name": "Календарь",
         "scope": "https://calendar.yandex.ru/"
      }, {
         "icon_url": "https://browser-resources.s3.yandex.net/old/get/browser/launcher_images/windows/yandex/translator_win.targetsize-256.png",
         "name": "Переводчик",
         "scope": "https://translate.yandex.ru/"
      },{
         "icon_url": "https://browser-resources.s3.yandex.net/old/get/browser/launcher_images/windows/yandex/disk_win.targetsize-256.png",
         "name": "Диск",
         "scope": "https://disk.yandex.ru/"
      },{
         "icon_url": "https://browser-resources.s3.yandex.net/old/get/browser/launcher_images/windows/yandex/maps_win.targetsize-256.png",
         "name": "Карты",
         "scope": "https://yandex.ru/maps/"
      }, {
         "icon_url": "https://browser-resources.s3.yandex.net/old/get/browser/launcher_images/windows/yandex/taxi_win.targetsize-256.png",
         "name": "Такси",
         "scope": "https://taxi.yandex.ru/"
      }, {
         "icon_url": "https://browser-resources.s3.yandex.net/old/get/browser/launcher_images/windows/yandex/eda_win.targetsize-256.png",
         "name": "Еда",
         "scope": "https://eda.yandex/"
      }, {
         "icon_url": "https://browser-resources.s3.yandex.net/old/get/browser/launcher_images/windows/yandex/rayon_win.targetsize-256.png",
         "name": "Район",
         "scope": "https://local.yandex.ru/"
      }, {
         "icon_url": "https://browser-resources.s3.yandex.net/old/get/browser/launcher_images/windows/yandex/music_win.targetsize-256.png",
         "name": "Музыка",
         "scope": "https://music.yandex.ru/"
      }, {
         "icon_url": "https://browser-resources.s3.yandex.net/old/get/browser/launcher_images/windows/yandex/kinopoisk_win.targetsize-256.png",
         "name": "Кинопоиск HD",
         "scope": "https://hd.kinopoisk.ru/"
      }, {
         "icon_url": "https://browser-resources.s3.yandex.net/old/get/browser/launcher_images/windows/yandex/efir_win.targetsize-256.png",
         "name": "Эфир",
         "scope": "https://yandex.ru/efir/"
      }, {
         "icon_url": "https://browser-resources.s3.yandex.net/old/get/browser/launcher_images/windows/yandex/pogoda_win.targetsize-256.png",
         "name": "Погода",
         "scope": "https://yandex.ru/pogoda/"
      }, {
         "icon_url": "https://browser-resources.s3.yandex.net/old/get/browser/launcher_images/windows/yandex/avia_win.targetsize-256.png",
         "name": "Путешествия",
         "scope": "https://travel.yandex.ru/"
      }, {
         "icon_url": "https://browser-resources.s3.yandex.net/old/get/browser/launcher_images/windows/yandex/uslugi_win.targetsize-256.png",
         "name": "Услуги",
         "scope": "https://yandex.ru/uslugi/"
      }, {
         "icon_url": "https://browser-resources.s3.yandex.net/old/get/browser/launcher_images/windows/yandex/q_win.targetsize-256.png",
         "name": "Кью",
         "scope": "https://yandex.ru/q/"
      }, {
         "icon_url": "https://browser-resources.s3.yandex.net/old/get/browser/launcher_images/windows/yandex/zen_win.targetsize-256.png",
         "name": "Дзен",
         "scope": "https://zen.yandex.ru/"
      }, {
         "icon_url": "https://browser-resources.s3.yandex.net/old/get/browser/launcher_images/windows/yandex/market_win.targetsize-256.png",
         "name": "Маркет",
         "scope": "https://market.yandex.ru/"
      }  ],
      "name": "Популярные приложения"
   }, {
      "apps": [ {
         "icon_url": "https://browser-resources.s3.yandex.net/old/get/browser/launcher_images/windows/not_yandex/whatsapp_win.targetsize-256.png",
         "name": "WhatsApp",
         "scope": "https://web.whatsapp.com/"
      }, {
         "icon_url": "https://browser-resources.s3.yandex.net/old/get/browser/launcher_images/windows/not_yandex/telegram_win.targetsize-256.png",
         "name": "Telegram",
         "scope": "https://web.telegram.org/"
      }, {
         "icon_url": "https://browser-resources.s3.yandex.net/old/get/browser/launcher_images/windows/not_yandex/messenger_win.targetsize-256.png",
         "name": "Messenger",
         "scope": "https://www.messenger.com/"
      }, {
         "icon_url": "https://browser-resources.s3.yandex.net/old/get/browser/launcher_images/windows/not_yandex/skype_win.targetsize-256.png",
         "name": "Skype",
         "scope": "https://web.skype.com/"
      }, {
         "icon_url": "https://browser-resources.s3.yandex.net/old/get/browser/launcher_images/windows/not_yandex/discord_win.targetsize-256.png",
         "name": "Discord",
         "scope": "https://discord.com/"
      }, {
         "icon_url": "https://browser-resources.s3.yandex.net/old/get/browser/launcher_images/windows/not_yandex/slack_win.targetsize-256.png",
         "name": "Slack",
         "scope": "https://slack.com/"
      }  ],
      "name": "Мессенджеры"
   } ],
   "default_apps": [ {
      "install": "all",
      "scope": "https://telemost.yandex.ru/"
   }, {
      "install": "all",
      "scope": "https://mail.yandex.ru/"
   } ]
}
