{
   "apps_api": [
    ],
   "apps_prepopulate_whitelist": [
    "*"
    ],
   "apps_list": {
      "https://telemost.yandex.ru/": {
         "manifest": {
            "icons": [ {
               "sizes": "256x256",
               "src": "https://browser-resources.s3.yandex.net/old/get/browser/launcher_images/windows/yandex/telemost_win.targetsize-256.png",
               "type": "image/png"
            }, {
               "sizes": "32x32",
               "src": "https://browser-resources.s3.yandex.net/old/get/browser/launcher_images/windows/yandex/telemost_win.targetsize-32.png",
               "type": "image/png"
            }, {
               "sizes": "48x48",
               "src": "https://browser-resources.s3.yandex.net/old/get/browser/launcher_images/windows/yandex/telemost_win.targetsize-48.png",
               "type": "image/png"
            } ],
            "name": "Телемост",
            "scope": "https://telemost.yandex.ru/",
            "start_url": "https://telemost.yandex.ru/browser-auto-create/?from=browser&source=prod2",
            "theme_color": ""
         }
      },
      "https://beru.ru/": {
         "manifest": {
            "icons": [ {
               "sizes": "256x256",
               "src": "https://browser-resources.s3.yandex.net/old/get/browser/launcher_images/windows/yandex/beru_win.targetsize-256.png",
               "type": "image/png"
            }, {
               "sizes": "32x32",
               "src": "https://browser-resources.s3.yandex.net/old/get/browser/launcher_images/windows/yandex/beru_win.targetsize-32.png",
               "type": "image/png"
            }, {
               "sizes": "48x48",
               "src": "https://browser-resources.s3.yandex.net/old/get/browser/launcher_images/windows/yandex/beru_win.targetsize-48.png",
               "type": "image/png"
            } ],
            "name": "Беру",
            "scope": "https://beru.ru/",
            "start_url": "https://beru.ru/?utm_source=services&utm_medium=dstore_bro&utm_campaign=general_ru_desktop_no_all",
            "theme_color": "#3E2D8F"
         }
      },
      "https://calendar.yandex-team.ru/": {
         "manifest": {
            "icons": [ {
               "sizes": "256x256",
               "src": "https://browser-resources.s3.yandex.net/old/get/browser/launcher_images/windows/yandex/corp_calendar_win.targetsize-256.png",
               "type": "image/png"
            }, {
               "sizes": "32x32",
               "src": "https://browser-resources.s3.yandex.net/old/get/browser/launcher_images/windows/yandex/corp_calendar_win.targetsize-32.png",
               "type": "image/png"
            }, {
               "sizes": "48x48",
               "src": "https://browser-resources.s3.yandex.net/old/get/browser/launcher_images/windows/yandex/corp_calendar_win.targetsize-48.png",
               "type": "image/png"
            } ],
            "name": "Яндекс.Календарь (Team)",
            "scope": "/",
            "start_url": "https://calendar.yandex-team.ru/",
            "theme_color": "#93A1C2"
         }
      },
      "https://calendar.yandex.ru/": {
         "manifest": {
            "icons": [ {
               "sizes": "256x256",
               "src": "https://browser-resources.s3.yandex.net/old/get/browser/launcher_images/windows/yandex/corp_calendar_win.targetsize-256.png",
               "type": "image/png"
            }, {
               "sizes": "32x32",
               "src": "https://browser-resources.s3.yandex.net/old/get/browser/launcher_images/windows/yandex/corp_calendar_win.targetsize-32.png",
               "type": "image/png"
            }, {
               "sizes": "48x48",
               "src": "https://browser-resources.s3.yandex.net/old/get/browser/launcher_images/windows/yandex/corp_calendar_win.targetsize-48.png",
               "type": "image/png"
            } ],
            "name": "Яндекс.Календарь",
            "scope": "https://calendar.yandex.ru/",
            "start_url": "https://calendar.yandex.ru/?utm_source=services&utm_medium=dstore_bro&utm_campaign=general_ru_desktop_no_all",
            "theme_color": "#FF3333"
         }
      },
      "https://direct.yandex.ru/": {
         "manifest": {
            "icons": [ {
               "sizes": "256x256",
               "src": "https://browser-resources.s3.yandex.net/old/get/browser/launcher_images/windows/yandex/direct_win.targetsize-256.png",
               "type": "image/png"
            }, {
               "sizes": "32x32",
               "src": "https://browser-resources.s3.yandex.net/old/get/browser/launcher_images/windows/yandex/direct_win.targetsize-32.png",
               "type": "image/png"
            }, {
               "sizes": "48x48",
               "src": "https://browser-resources.s3.yandex.net/old/get/browser/launcher_images/windows/yandex/direct_win.targetsize-48.png",
               "type": "image/png"
            } ],
            "name": "Яндекс.Директ",
            "scope": "https://direct.yandex.ru/",
            "start_url": "https://direct.yandex.ru/?utm_source=services&utm_medium=dstore_bro&utm_campaign=general_ru_desktop_no_all",
            "theme_color": "#ffcc00"
         }
      },
      "https://disk.yandex.ru/": {
         "manifest": {
            "icons": [ {
               "sizes": "256x256",
               "src": "https://browser-resources.s3.yandex.net/old/get/browser/launcher_images/windows/yandex/disk_win.targetsize-256.png",
               "type": "image/png"
            }, {
               "sizes": "32x32",
               "src": "https://browser-resources.s3.yandex.net/old/get/browser/launcher_images/windows/yandex/disk_win.targetsize-32.png",
               "type": "image/png"
            }, {
               "sizes": "48x48",
               "src": "https://browser-resources.s3.yandex.net/old/get/browser/launcher_images/windows/yandex/disk_win.targetsize-48.png",
               "type": "image/png"
            } ],
            "name": "Яндекс.Диск",
            "scope": "https://disk.yandex.ru/",
            "start_url": "https://disk.yandex.ru/?utm_source=services&utm_medium=dstore_bro&utm_campaign=general_ru_desktop_no_all",
            "theme_color": "#0077FF"
         }
      },
      "https://docs.google.com/": {
         "manifest": {
            "icons": [ {
               "sizes": "256x256",
               "src": "https://browser-resources.s3.yandex.net/old/get/browser/launcher_images/windows/not_yandex/google_docs_win.targetsize-256.png",
               "type": "image/png"
            }, {
               "sizes": "32x32",
               "src": "https://browser-resources.s3.yandex.net/old/get/browser/launcher_images/windows/not_yandex/google_docs_win.targetsize-32.png",
               "type": "image/png"
            }, {
               "sizes": "48x48",
               "src": "https://browser-resources.s3.yandex.net/old/get/browser/launcher_images/windows/not_yandex/google_docs_win.targetsize-48.png",
               "type": "image/png"
            } ],
            "name": "Google Docs",
            "scope": "/",
            "start_url": "https://docs.google.com/",
            "theme_color": "#ffffff"
         }
      },
      "https://drive.google.com/": {
         "manifest": {
            "icons": [ {
               "sizes": "256x256",
               "src": "https://browser-resources.s3.yandex.net/old/get/browser/launcher_images/windows/not_yandex/google_drive_win.targetsize-256.png",
               "type": "image/png"
            }, {
               "sizes": "32x32",
               "src": "https://browser-resources.s3.yandex.net/old/get/browser/launcher_images/windows/not_yandex/google_drive_win.targetsize-32.png",
               "type": "image/png"
            }, {
               "sizes": "48x48",
               "src": "https://browser-resources.s3.yandex.net/old/get/browser/launcher_images/windows/not_yandex/google_drive_win.targetsize-48.png",
               "type": "image/png"
            } ],
            "name": "Google Drive",
            "scope": "/",
            "start_url": "https://drive.google.com/",
            "theme_color": "#ffffff"
         }
      },
      "https://dynalist.io/": {
         "manifest": {
            "icons": [ {
               "sizes": "256x256",
               "src": "https://browser-resources.s3.yandex.net/old/get/browser/launcher_images/windows/not_yandex/dynalist_win.targetsize-256.png",
               "type": "image/png"
            }, {
               "sizes": "32x32",
               "src": "https://browser-resources.s3.yandex.net/old/get/browser/launcher_images/windows/not_yandex/dynalist_win.targetsize-32.png",
               "type": "image/png"
            }, {
               "sizes": "48x48",
               "src": "https://browser-resources.s3.yandex.net/old/get/browser/launcher_images/windows/not_yandex/dynalist_win.targetsize-48.png",
               "type": "image/png"
            } ],
            "name": "Dynalist",
            "scope": "/",
            "start_url": "https://dynalist.io/",
            "theme_color": "#008AFF"
         }
      },
      "https://e.mail.ru/": {
         "manifest": {
            "icons": [ {
               "sizes": "256x256",
               "src": "https://browser-resources.s3.yandex.net/old/get/browser/launcher_images/windows/not_yandex/mail_ru_win.targetsize-256.png",
               "type": "image/png"
            }, {
               "sizes": "32x32",
               "src": "https://browser-resources.s3.yandex.net/old/get/browser/launcher_images/windows/not_yandex/mail_ru_win.targetsize-32.png",
               "type": "image/png"
            }, {
               "sizes": "48x48",
               "src": "https://browser-resources.s3.yandex.net/old/get/browser/launcher_images/windows/not_yandex/mail_ru_win.targetsize-48.png",
               "type": "image/png"
            } ],
            "name": "Почта Mail.ru",
            "scope": "/",
            "start_url": "https://e.mail.ru/",
            "theme_color": "#005FF9"
         }
      },
      "https://eda.yandex/": {
         "manifest": {
            "icons": [ {
               "sizes": "256x256",
               "src": "https://browser-resources.s3.yandex.net/old/get/browser/launcher_images/windows/yandex/eda_win.targetsize-256.png",
               "type": "image/png"
            }, {
               "sizes": "32x32",
               "src": "https://browser-resources.s3.yandex.net/old/get/browser/launcher_images/windows/yandex/eda_win.targetsize-32.png",
               "type": "image/png"
            }, {
               "sizes": "48x48",
               "src": "https://browser-resources.s3.yandex.net/old/get/browser/launcher_images/windows/yandex/eda_win.targetsize-48.png",
               "type": "image/png"
            } ],
            "name": "Яндекс.Еда",
            "scope": "https://eda.yandex/",
            "start_url": "https://eda.yandex/?utm_source=services&utm_medium=dstore_bro&utm_campaign=general_ru_desktop_no_all",
            "theme_color": "#FDDC01"
         }
      },
      "https://hd.kinopoisk.ru/": {
         "manifest": {
            "icons": [ {
               "sizes": "256x256",
               "src": "https://browser-resources.s3.yandex.net/old/get/browser/launcher_images/windows/yandex/kinopoisk_win.targetsize-256.png",
               "type": "image/png"
            }, {
               "sizes": "32x32",
               "src": "https://browser-resources.s3.yandex.net/old/get/browser/launcher_images/windows/yandex/kinopoisk_win.targetsize-32.png",
               "type": "image/png"
            }, {
               "sizes": "48x48",
               "src": "https://browser-resources.s3.yandex.net/old/get/browser/launcher_images/windows/yandex/kinopoisk_win.targetsize-48.png",
               "type": "image/png"
            } ],
            "name": "Кинопоиск HD",
            "scope": "https://hd.kinopoisk.ru/",
            "start_url": "https://hd.kinopoisk.ru/?utm_source=services&utm_medium=dstore_bro&utm_campaign=general_ru_desktop_no_all",
            "theme_color": "#ff6600"
         }
      },
      "https://local.yandex.ru/": {
         "manifest": {
            "icons": [ {
               "sizes": "256x256",
               "src": "https://browser-resources.s3.yandex.net/old/get/browser/launcher_images/windows/yandex/rayon_win.targetsize-256.png",
               "type": "image/png"
            }, {
               "sizes": "32x32",
               "src": "https://browser-resources.s3.yandex.net/old/get/browser/launcher_images/windows/yandex/rayon_win.targetsize-32.png",
               "type": "image/png"
            }, {
               "sizes": "48x48",
               "src": "https://browser-resources.s3.yandex.net/old/get/browser/launcher_images/windows/yandex/rayon_win.targetsize-48.png",
               "type": "image/png"
            } ],
            "name": "Яндекс.Район",
            "scope": "https://local.yandex.ru/",
            "start_url": "https://local.yandex.ru/?utm_source=services&utm_medium=dstore_bro&utm_campaign=general_ru_desktop_no_all",
            "theme_color": "#D6E1EC"
         }
      },
      "https://mail.google.com/": {
         "manifest": {
            "icons": [ {
               "sizes": "256x256",
               "src": "https://browser-resources.s3.yandex.net/old/get/browser/launcher_images/windows/not_yandex/gmail_win.targetsize-256.png",
               "type": "image/png"
            }, {
               "sizes": "32x32",
               "src": "https://browser-resources.s3.yandex.net/old/get/browser/launcher_images/windows/not_yandex/gmail_win.targetsize-32.png",
               "type": "image/png"
            }, {
               "sizes": "48x48",
               "src": "https://browser-resources.s3.yandex.net/old/get/browser/launcher_images/windows/not_yandex/gmail_win.targetsize-48.png",
               "type": "image/png"
            } ],
            "name": "GMail",
            "scope": "/",
            "start_url": "https://mail.google.com/",
            "theme_color": "#D93025"
         }
      },
      "https://mail.yandex-team.ru/": {
         "manifest": {
            "icons": [ {
               "sizes": "256x256",
               "src": "https://browser-resources.s3.yandex.net/old/get/browser/launcher_images/windows/yandex/corp_pochta_win.targetsize-256.png",
               "type": "image/png"
            }, {
               "sizes": "32x32",
               "src": "https://browser-resources.s3.yandex.net/old/get/browser/launcher_images/windows/yandex/corp_pochta_win.targetsize-32.png",
               "type": "image/png"
            }, {
               "sizes": "48x48",
               "src": "https://browser-resources.s3.yandex.net/old/get/browser/launcher_images/windows/yandex/corp_pochta_win.targetsize-48.png",
               "type": "image/png"
            } ],
            "name": "Яндекс.Почта (Team)",
            "scope": "/",
            "start_url": "https://mail.yandex-team.ru/",
            "theme_color": "#6086BF"
         }
      },
      "https://mail.yandex.ru/": {
         "manifest": {
            "icons": [ {
               "sizes": "256x256",
               "src": "https://browser-resources.s3.yandex.net/old/get/browser/launcher_images/windows/yandex/pochta_win.targetsize-256.png",
               "type": "image/png"
            }, {
               "sizes": "32x32",
               "src": "https://browser-resources.s3.yandex.net/old/get/browser/launcher_images/windows/yandex/pochta_win.targetsize-32.png",
               "type": "image/png"
            }, {
               "sizes": "48x48",
               "src": "https://browser-resources.s3.yandex.net/old/get/browser/launcher_images/windows/yandex/pochta_win.targetsize-48.png",
               "type": "image/png"
            } ],
            "name": "Яндекс.Почта",
            "scope": "https://mail.yandex.ru/",
            "start_url": "https://mail.yandex.ru/?utm_source=services&utm_medium=dstore_bro&utm_campaign=general_ru_desktop_no_all",
            "theme_color": "#E5EAF1"
         }
      },
      "https://market.yandex.ru/": {
         "manifest": {
            "icons": [ {
               "sizes": "256x256",
               "src": "https://browser-resources.s3.yandex.net/old/get/browser/launcher_images/windows/yandex/market_win.targetsize-256.png",
               "type": "image/png"
            }, {
               "sizes": "32x32",
               "src": "https://browser-resources.s3.yandex.net/old/get/browser/launcher_images/windows/yandex/market_win.targetsize-32.png",
               "type": "image/png"
            }, {
               "sizes": "48x48",
               "src": "https://browser-resources.s3.yandex.net/old/get/browser/launcher_images/windows/yandex/market_win.targetsize-48.png",
               "type": "image/png"
            } ],
            "name": "Яндекс.Маркет",
            "scope": "https://market.yandex.ru/",
            "start_url": "https://market.yandex.ru/?utm_source=services&utm_medium=dstore_bro&utm_campaign=general_ru_desktop_no_all",
            "theme_color": "#0077FF"
         }
      },
      "https://metrika.yandex.ru/": {
         "manifest": {
            "icons": [ {
               "sizes": "256x256",
               "src": "https://browser-resources.s3.yandex.net/old/get/browser/launcher_images/windows/yandex/metrika_win.targetsize-256.png",
               "type": "image/png"
            }, {
               "sizes": "32x32",
               "src": "https://browser-resources.s3.yandex.net/old/get/browser/launcher_images/windows/yandex/metrika_win.targetsize-32.png",
               "type": "image/png"
            }, {
               "sizes": "48x48",
               "src": "https://browser-resources.s3.yandex.net/old/get/browser/launcher_images/windows/yandex/metrika_win.targetsize-48.png",
               "type": "image/png"
            } ],
            "name": "Яндекс.Метрика",
            "scope": "https://metrika.yandex.ru/",
            "start_url": "https://metrika.yandex.ru/?utm_source=services&utm_medium=dstore_bro&utm_campaign=general_ru_desktop_no_all",
            "theme_color": "#ffffff"
         }
      },
      "https://money.yandex.ru/": {
         "manifest": {
            "icons": [ {
               "sizes": "256x256",
               "src": "https://browser-resources.s3.yandex.net/old/get/browser/launcher_images/windows/yandex/money_win.targetsize-256.png",
               "type": "image/png"
            }, {
               "sizes": "32x32",
               "src": "https://browser-resources.s3.yandex.net/old/get/browser/launcher_images/windows/yandex/money_win.targetsize-32.png",
               "type": "image/png"
            }, {
               "sizes": "48x48",
               "src": "https://browser-resources.s3.yandex.net/old/get/browser/launcher_images/windows/yandex/money_win.targetsize-48.png",
               "type": "image/png"
            } ],
            "name": "Яндекс.Деньги",
            "scope": "https://money.yandex.ru/",
            "start_url": "https://money.yandex.ru/?utm_source=services&utm_medium=dstore_bro&utm_campaign=general_ru_desktop_no_all",
            "theme_color": "#ffcc00"
         }
      },
      "https://music.yandex.ru/": {
         "manifest": {
            "icons": [ {
               "sizes": "256x256",
               "src": "https://browser-resources.s3.yandex.net/old/get/browser/launcher_images/windows/yandex/music_win.targetsize-256.png",
               "type": "image/png"
            }, {
               "sizes": "32x32",
               "src": "https://browser-resources.s3.yandex.net/old/get/browser/launcher_images/windows/yandex/music_win.targetsize-32.png",
               "type": "image/png"
            }, {
               "sizes": "48x48",
               "src": "https://browser-resources.s3.yandex.net/old/get/browser/launcher_images/windows/yandex/music_win.targetsize-48.png",
               "type": "image/png"
            } ],
            "name": "Яндекс.Музыка",
            "scope": "https://music.yandex.ru/",
            "start_url": "https://music.yandex.ru/?utm_source=services&utm_medium=dstore_bro&utm_campaign=general_ru_desktop_no_all",
            "theme_color": "#ffffff"
         }
      },
      "https://nimbusweb.me/": {
         "manifest": {
            "icons": [ {
               "sizes": "256x256",
               "src": "https://browser-resources.s3.yandex.net/old/get/browser/launcher_images/windows/not_yandex/nimbusweb_win.targetsize-256.png",
               "type": "image/png"
            }, {
               "sizes": "32x32",
               "src": "https://browser-resources.s3.yandex.net/old/get/browser/launcher_images/windows/not_yandex/nimbusweb_win.targetsize-32.png",
               "type": "image/png"
            }, {
               "sizes": "48x48",
               "src": "https://browser-resources.s3.yandex.net/old/get/browser/launcher_images/windows/not_yandex/nimbusweb_win.targetsize-48.png",
               "type": "image/png"
            } ],
            "name": "Nimbus Note",
            "scope": "/",
            "start_url": "https://nimbusweb.me/",
            "theme_color": "#00A1B7"
         }
      },
      "https://ok.ru/": {
         "manifest": {
            "icons": [ {
               "sizes": "256x256",
               "src": "https://browser-resources.s3.yandex.net/old/get/browser/launcher_images/windows/not_yandex/odnoklassniki_win.targetsize-256.png",
               "type": "image/png"
            }, {
               "sizes": "32x32",
               "src": "https://browser-resources.s3.yandex.net/old/get/browser/launcher_images/windows/not_yandex/odnoklassniki_win.targetsize-32.png",
               "type": "image/png"
            }, {
               "sizes": "48x48",
               "src": "https://browser-resources.s3.yandex.net/old/get/browser/launcher_images/windows/not_yandex/odnoklassniki_win.targetsize-48.png",
               "type": "image/png"
            } ],
            "name": "Одноклассники",
            "scope": "/",
            "start_url": "https://ok.ru/",
            "theme_color": "#f27e11"
         }
      },
      "https://online.sberbank.ru/": {
         "manifest": {
            "icons": [ {
               "sizes": "256x256",
               "src": "https://browser-resources.s3.yandex.net/old/get/browser/launcher_images/windows/not_yandex/sberbank_win.targetsize-256.png",
               "type": "image/png"
            }, {
               "sizes": "32x32",
               "src": "https://browser-resources.s3.yandex.net/old/get/browser/launcher_images/windows/not_yandex/sberbank_win.targetsize-32.png",
               "type": "image/png"
            }, {
               "sizes": "48x48",
               "src": "https://browser-resources.s3.yandex.net/old/get/browser/launcher_images/windows/not_yandex/sberbank_win.targetsize-48.png",
               "type": "image/png"
            } ],
            "name": "Сбербанк Онлайн",
            "scope": "/",
            "start_url": "https://online.sberbank.ru/",
            "theme_color": "#3f9f22"
         }
      },
      "https://q.yandex-team.ru/": {
         "manifest": {
            "icons": [ {
               "sizes": "256x256",
               "src": "https://browser-resources.s3.yandex.net/old/get/browser/launcher_images/windows/yandex/chat_black_win.targetsize-256.png",
               "type": "image/png"
            }, {
               "sizes": "32x32",
               "src": "https://browser-resources.s3.yandex.net/old/get/browser/launcher_images/windows/yandex/chat_black_win.targetsize-32.png",
               "type": "image/png"
            }, {
               "sizes": "48x48",
               "src": "https://browser-resources.s3.yandex.net/old/get/browser/launcher_images/windows/yandex/chat_black_win.targetsize-48.png",
               "type": "image/png"
            } ],
            "name": "Чаты (Team)",
            "scope": "/",
            "start_url": "https://q.yandex-team.ru/",
            "theme_color": "#E2FFEB"
         }
      },
      "https://taxi.yandex.ru/": {
         "manifest": {
            "icons": [ {
               "sizes": "256x256",
               "src": "https://browser-resources.s3.yandex.net/old/get/browser/launcher_images/windows/yandex/taxi_win.targetsize-256.png",
               "type": "image/png"
            }, {
               "sizes": "32x32",
               "src": "https://browser-resources.s3.yandex.net/old/get/browser/launcher_images/windows/yandex/taxi_win.targetsize-32.png",
               "type": "image/png"
            }, {
               "sizes": "48x48",
               "src": "https://browser-resources.s3.yandex.net/old/get/browser/launcher_images/windows/yandex/taxi_win.targetsize-48.png",
               "type": "image/png"
            } ],
            "name": "Яндекс.Такси",
            "scope": "https://taxi.yandex.ru/",
            "start_url": "https://taxi.yandex.ru/?utm_source=services&utm_medium=dstore_bro&utm_campaign=general_ru_desktop_no_all",
            "theme_color": "#ffcc00"
         }
      },
      "https://translate.yandex.ru/": {
         "manifest": {
            "icons": [ {
               "sizes": "256x256",
               "src": "https://browser-resources.s3.yandex.net/old/get/browser/launcher_images/windows/yandex/translator_win.targetsize-256.png",
               "type": "image/png"
            }, {
               "sizes": "32x32",
               "src": "https://browser-resources.s3.yandex.net/old/get/browser/launcher_images/windows/yandex/translator_win.targetsize-32.png",
               "type": "image/png"
            }, {
               "sizes": "48x48",
               "src": "https://browser-resources.s3.yandex.net/old/get/browser/launcher_images/windows/yandex/translator_win.targetsize-48.png",
               "type": "image/png"
            } ],
            "name": "Яндекс.Переводчик",
            "scope": "https://translate.yandex.ru/",
            "start_url": "https://translate.yandex.ru/?utm_source=services&utm_medium=dstore_bro&utm_campaign=general_ru_desktop_no_all",
            "theme_color": "#ffffff"
         }
      },
      "https://travel.yandex.ru/": {
         "manifest": {
            "icons": [ {
               "sizes": "256x256",
               "src": "https://browser-resources.s3.yandex.net/old/get/browser/launcher_images/windows/yandex/avia_win.targetsize-256.png",
               "type": "image/png"
            }, {
               "sizes": "32x32",
               "src": "https://browser-resources.s3.yandex.net/old/get/browser/launcher_images/windows/yandex/avia_win.targetsize-32.png",
               "type": "image/png"
            }, {
               "sizes": "48x48",
               "src": "https://browser-resources.s3.yandex.net/old/get/browser/launcher_images/windows/yandex/avia_win.targetsize-48.png",
               "type": "image/png"
            } ],
            "name": "Яндекс.Путешествия",
            "scope": "https://travel.yandex.ru/",
            "start_url": "https://travel.yandex.ru/?utm_source=services&utm_medium=dstore_bro&utm_campaign=general_ru_desktop_no_all",
            "theme_color": "#ffcc00"
         }
      },
      "https://trello.com/": {
         "manifest": {
            "icons": [ {
               "sizes": "256x256",
               "src": "https://browser-resources.s3.yandex.net/old/get/browser/launcher_images/windows/not_yandex/trello_win.targetsize-256.png",
               "type": "image/png"
            }, {
               "sizes": "32x32",
               "src": "https://browser-resources.s3.yandex.net/old/get/browser/launcher_images/windows/not_yandex/trello_win.targetsize-32.png",
               "type": "image/png"
            }, {
               "sizes": "48x48",
               "src": "https://browser-resources.s3.yandex.net/old/get/browser/launcher_images/windows/not_yandex/trello_win.targetsize-48.png",
               "type": "image/png"
            } ],
            "name": "Trello",
            "scope": "/",
            "start_url": "https://trello.com/",
            "theme_color": "#0B77BF"
         }
      },
      "https://twitter.com/": {
         "manifest": {
            "icons": [ {
               "sizes": "256x256",
               "src": "https://browser-resources.s3.yandex.net/old/get/browser/launcher_images/windows/not_yandex/twitter_win.targetsize-256.png",
               "type": "image/png"
            }, {
               "sizes": "32x32",
               "src": "https://browser-resources.s3.yandex.net/old/get/browser/launcher_images/windows/not_yandex/twitter_win.targetsize-32.png",
               "type": "image/png"
            }, {
               "sizes": "48x48",
               "src": "https://browser-resources.s3.yandex.net/old/get/browser/launcher_images/windows/not_yandex/twitter_win.targetsize-48.png",
               "type": "image/png"
            } ],
            "name": "Twitter",
            "scope": "/",
            "start_url": "https://twitter.com/",
            "theme_color": "#00aeed"
         }
      },
      "https://vk.com/": {
         "manifest": {
            "icons": [ {
               "sizes": "256x256",
               "src": "https://browser-resources.s3.yandex.net/old/get/browser/launcher_images/windows/not_yandex/vk_win.targetsize-256.png",
               "type": "image/png"
            }, {
               "sizes": "32x32",
               "src": "https://browser-resources.s3.yandex.net/old/get/browser/launcher_images/windows/not_yandex/vk_win.targetsize-32.png",
               "type": "image/png"
            }, {
               "sizes": "48x48",
               "src": "https://browser-resources.s3.yandex.net/old/get/browser/launcher_images/windows/not_yandex/vk_win.targetsize-48.png",
               "type": "image/png"
            } ],
            "name": "ВКонтакте",
            "scope": "/",
            "start_url": "https://vk.com/",
            "theme_color": "#4A76A8"
         }
      },
      "https://www.evernote.com/client/web/": {
         "manifest": {
            "icons": [ {
               "sizes": "256x256",
               "src": "https://browser-resources.s3.yandex.net/old/get/browser/launcher_images/windows/not_yandex/evernote_win.targetsize-256.png",
               "type": "image/png"
            }, {
               "sizes": "32x32",
               "src": "https://browser-resources.s3.yandex.net/old/get/browser/launcher_images/windows/not_yandex/evernote_win.targetsize-32.png",
               "type": "image/png"
            }, {
               "sizes": "48x48",
               "src": "https://browser-resources.s3.yandex.net/old/get/browser/launcher_images/windows/not_yandex/evernote_win.targetsize-48.png",
               "type": "image/png"
            } ],
            "name": "Evernote",
            "scope": "https://www.evernote.com/client/web",
            "start_url": "https://www.evernote.com/client/web",
            "theme_color": "#79b821"
         },
         "match_masks": [ "https://www.evernote.com/client/web*" ]
      },
      "https://www.facebook.com/": {
         "manifest": {
            "icons": [ {
               "sizes": "256x256",
               "src": "https://browser-resources.s3.yandex.net/old/get/browser/launcher_images/windows/not_yandex/facebook_win.targetsize-256.png",
               "type": "image/png"
            }, {
               "sizes": "32x32",
               "src": "https://browser-resources.s3.yandex.net/old/get/browser/launcher_images/windows/not_yandex/facebook_win.targetsize-32.png",
               "type": "image/png"
            }, {
               "sizes": "48x48",
               "src": "https://browser-resources.s3.yandex.net/old/get/browser/launcher_images/windows/not_yandex/facebook_win.targetsize-48.png",
               "type": "image/png"
            } ],
            "name": "Facebook",
            "scope": "/",
            "start_url": "https://www.facebook.com/",
            "theme_color": "#1B86EA"
         }
      },
      "https://www.gosuslugi.ru/": {
         "manifest": {
            "icons": [ {
               "sizes": "256x256",
               "src": "https://browser-resources.s3.yandex.net/old/get/browser/launcher_images/windows/not_yandex/gosuslugi_win.targetsize-256.png",
               "type": "image/png"
            }, {
               "sizes": "32x32",
               "src": "https://browser-resources.s3.yandex.net/old/get/browser/launcher_images/windows/not_yandex/gosuslugi_win.targetsize-32.png",
               "type": "image/png"
            }, {
               "sizes": "48x48",
               "src": "https://browser-resources.s3.yandex.net/old/get/browser/launcher_images/windows/not_yandex/gosuslugi_win.targetsize-48.png",
               "type": "image/png"
            } ],
            "name": "Госуслуги",
            "scope": "/",
            "start_url": "https://www.gosuslugi.ru/",
            "theme_color": "#1E3685"
         }
      },
      "https://www.instagram.com/": {
         "manifest": {
            "icons": [ {
               "sizes": "256x256",
               "src": "https://browser-resources.s3.yandex.net/old/get/browser/launcher_images/windows/not_yandex/instagram_win.targetsize-256.png",
               "type": "image/png"
            }, {
               "sizes": "32x32",
               "src": "https://browser-resources.s3.yandex.net/old/get/browser/launcher_images/windows/not_yandex/instagram_win.targetsize-32.png",
               "type": "image/png"
            }, {
               "sizes": "48x48",
               "src": "https://browser-resources.s3.yandex.net/old/get/browser/launcher_images/windows/not_yandex/instagram_win.targetsize-48.png",
               "type": "image/png"
            } ],
            "name": "Instagram",
            "scope": "/",
            "start_url": "https://www.instagram.com/",
            "theme_color": "#ffffff"
         }
      },
      "https://www.ivi.ru/": {
         "manifest": {
            "icons": [ {
               "sizes": "256x256",
               "src": "https://browser-resources.s3.yandex.net/old/get/browser/launcher_images/windows/not_yandex/ivi_win.targetsize-256.png",
               "type": "image/png"
            }, {
               "sizes": "32x32",
               "src": "https://browser-resources.s3.yandex.net/old/get/browser/launcher_images/windows/not_yandex/ivi_win.targetsize-32.png",
               "type": "image/png"
            }, {
               "sizes": "48x48",
               "src": "https://browser-resources.s3.yandex.net/old/get/browser/launcher_images/windows/not_yandex/ivi_win.targetsize-48.png",
               "type": "image/png"
            } ],
            "name": "ivi.ru",
            "scope": "/",
            "start_url": "https://www.ivi.ru/",
            "theme_color": "#F8104D"
         }
      },
      "https://www.notion.so/": {
         "manifest": {
            "icons": [ {
               "sizes": "256x256",
               "src": "https://browser-resources.s3.yandex.net/old/get/browser/launcher_images/windows/not_yandex/notion_win.targetsize-256.png",
               "type": "image/png"
            }, {
               "sizes": "32x32",
               "src": "https://browser-resources.s3.yandex.net/old/get/browser/launcher_images/windows/not_yandex/notion_win.targetsize-32.png",
               "type": "image/png"
            }, {
               "sizes": "48x48",
               "src": "https://browser-resources.s3.yandex.net/old/get/browser/launcher_images/windows/not_yandex/notion_win.targetsize-48.png",
               "type": "image/png"
            } ],
            "name": "Notion",
            "scope": "/",
            "start_url": "https://www.notion.so/",
            "theme_color": "#ffffff"
         }
      },
      "https://www.youtube.com/": {
         "manifest": {
            "icons": [ {
               "sizes": "256x256",
               "src": "https://browser-resources.s3.yandex.net/old/get/browser/launcher_images/windows/not_yandex/youtube_win.targetsize-256.png",
               "type": "image/png"
            }, {
               "sizes": "32x32",
               "src": "https://browser-resources.s3.yandex.net/old/get/browser/launcher_images/windows/not_yandex/youtube_win.targetsize-32.png",
               "type": "image/png"
            }, {
               "sizes": "48x48",
               "src": "https://browser-resources.s3.yandex.net/old/get/browser/launcher_images/windows/not_yandex/youtube_win.targetsize-48.png",
               "type": "image/png"
            } ],
            "name": "YouTube",
            "scope": "/",
            "start_url": "https://www.youtube.com/",
            "theme_color": "#ea0c00"
         }
      },
      "https://yandex.ru/collections/": {
         "manifest": {
            "icons": [ {
               "sizes": "256x256",
               "src": "https://browser-resources.s3.yandex.net/old/get/browser/launcher_images/windows/yandex/collections_win.targetsize-256.png",
               "type": "image/png"
            }, {
               "sizes": "32x32",
               "src": "https://browser-resources.s3.yandex.net/old/get/browser/launcher_images/windows/yandex/collections_win.targetsize-32.png",
               "type": "image/png"
            }, {
               "sizes": "48x48",
               "src": "https://browser-resources.s3.yandex.net/old/get/browser/launcher_images/windows/yandex/collections_win.targetsize-48.png",
               "type": "image/png"
            } ],
            "name": "Яндекс.Коллекции",
            "scope": "https://yandex.ru/collections/",
            "start_url": "https://yandex.ru/collections/?utm_source=services&utm_medium=dstore_bro&utm_campaign=general_ru_desktop_no_all",
            "theme_color": "#ffffff"
         }
      },
      "https://yandex.ru/efir/": {
         "manifest": {
            "icons": [ {
               "sizes": "256x256",
               "src": "https://browser-resources.s3.yandex.net/old/get/browser/launcher_images/windows/yandex/efir_win.targetsize-256.png",
               "type": "image/png"
            }, {
               "sizes": "32x32",
               "src": "https://browser-resources.s3.yandex.net/old/get/browser/launcher_images/windows/yandex/efir_win.targetsize-32.png",
               "type": "image/png"
            }, {
               "sizes": "48x48",
               "src": "https://browser-resources.s3.yandex.net/old/get/browser/launcher_images/windows/yandex/efir_win.targetsize-48.png",
               "type": "image/png"
            } ],
            "name": "Яндекс.Эфир",
            "scope": "https://yandex.ru/efir",
            "start_url": "https://yandex.ru/efir/?from_block=bro_dstore_default_general_desktop&utm_source=services&utm_medium=defapp_bro&utm_campaign=general_ru_desktop_no_all",
            "theme_color": "#5C40F4"
         },
         "match_masks": [ "https://yandex.ru/efir*" ]
      },
      "https://yandex.ru/games/": {
         "manifest": {
            "icons": [ {
               "sizes": "256x256",
               "src": "https://browser-resources.s3.yandex.net/old/get/browser/launcher_images/windows/yandex/games_win.targetsize-256.png",
               "type": "image/png"
            }, {
               "sizes": "32x32",
               "src": "https://browser-resources.s3.yandex.net/old/get/browser/launcher_images/windows/yandex/games_win.targetsize-32.png",
               "type": "image/png"
            }, {
               "sizes": "48x48",
               "src": "https://browser-resources.s3.yandex.net/old/get/browser/launcher_images/windows/yandex/games_win.targetsize-48.png",
               "type": "image/png"
            } ],
            "name": "Яндекс.Игры",
            "scope": "https://yandex.ru/games/",
            "start_url": "https://yandex.ru/games/?utm_source=services&utm_medium=dstore_bro&utm_campaign=general_ru_desktop_no_all",
            "theme_color": "#262626"
         }
      },
      "https://yandex.ru/maps/": {
         "manifest": {
            "icons": [ {
               "sizes": "256x256",
               "src": "https://browser-resources.s3.yandex.net/old/get/browser/launcher_images/windows/yandex/maps_win.targetsize-256.png",
               "type": "image/png"
            }, {
               "sizes": "32x32",
               "src": "https://browser-resources.s3.yandex.net/old/get/browser/launcher_images/windows/yandex/maps_win.targetsize-32.png",
               "type": "image/png"
            }, {
               "sizes": "48x48",
               "src": "https://browser-resources.s3.yandex.net/old/get/browser/launcher_images/windows/yandex/maps_win.targetsize-48.png",
               "type": "image/png"
            } ],
            "name": "Яндекс.Карты",
            "scope": "https://yandex.ru/maps/",
            "start_url": "https://yandex.ru/maps/?utm_source=services&utm_medium=dstore_bro&utm_campaign=general_ru_desktop_no_all",
            "theme_color": "#ffffff"
         }
      },
      "https://yandex.ru/pogoda/": {
         "manifest": {
            "icons": [ {
               "sizes": "256x256",
               "src": "https://browser-resources.s3.yandex.net/old/get/browser/launcher_images/windows/yandex/pogoda_win.targetsize-256.png",
               "type": "image/png"
            }, {
               "sizes": "32x32",
               "src": "https://browser-resources.s3.yandex.net/old/get/browser/launcher_images/windows/yandex/pogoda_win.targetsize-32.png",
               "type": "image/png"
            }, {
               "sizes": "48x48",
               "src": "https://browser-resources.s3.yandex.net/old/get/browser/launcher_images/windows/yandex/pogoda_win.targetsize-48.png",
               "type": "image/png"
            } ],
            "name": "Яндекс.Погода",
            "scope": "https://yandex.ru/pogoda/",
            "start_url": "https://yandex.ru/pogoda/?utm_source=services&utm_medium=dstore_bro&utm_campaign=general_ru_desktop_no_all",
            "theme_color": "#75A2E7"
         }
      },
      "https://yandex.ru/q/": {
         "manifest": {
            "icons": [ {
               "sizes": "256x256",
               "src": "https://browser-resources.s3.yandex.net/old/get/browser/launcher_images/windows/yandex/q_win.targetsize-256.png",
               "type": "image/png"
            }, {
               "sizes": "32x32",
               "src": "https://browser-resources.s3.yandex.net/old/get/browser/launcher_images/windows/yandex/q_win.targetsize-32.png",
               "type": "image/png"
            }, {
               "sizes": "48x48",
               "src": "https://browser-resources.s3.yandex.net/old/get/browser/launcher_images/windows/yandex/q_win.targetsize-48.png",
               "type": "image/png"
            } ],
            "name": "Яндекс.Кью",
            "scope": "https://yandex.ru/q/",
            "start_url": "https://yandex.ru/q/?utm_source=services&utm_medium=dstore_bro&utm_campaign=general_ru_desktop_no_all",
            "theme_color": "#f6f2e9"
         }
      },
      "https://yandex.ru/uslugi/": {
         "manifest": {
            "icons": [ {
               "sizes": "256x256",
               "src": "https://browser-resources.s3.yandex.net/old/get/browser/launcher_images/windows/yandex/uslugi_win.targetsize-256.png",
               "type": "image/png"
            }, {
               "sizes": "32x32",
               "src": "https://browser-resources.s3.yandex.net/old/get/browser/launcher_images/windows/yandex/uslugi_win.targetsize-32.png",
               "type": "image/png"
            }, {
               "sizes": "48x48",
               "src": "https://browser-resources.s3.yandex.net/old/get/browser/launcher_images/windows/yandex/uslugi_win.targetsize-48.png",
               "type": "image/png"
            } ],
            "name": "Яндекс.Услуги",
            "scope": "https://yandex.ru/uslugi",
            "start_url": "https://yandex.ru/uslugi/?utm_source=services&utm_medium=dstore_bro&utm_campaign=general_ru_desktop_no_all",
            "theme_color": "#ffcc00"
         },
         "match_masks": [ "https://yandex.ru/uslugi*" ]
      },
     "https://zen.yandex.ru/": {
         "manifest": {
            "icons": [ {
               "sizes": "256x256",
               "src": "https://browser-resources.s3.yandex.net/old/get/browser/launcher_images/windows/yandex/zen_win.targetsize-256.png",
               "type": "image/png"
            }, {
               "sizes": "32x32",
               "src": "https://browser-resources.s3.yandex.net/old/get/browser/launcher_images/windows/yandex/zen_win.targetsize-32.png",
               "type": "image/png"
            }, {
               "sizes": "48x48",
               "src": "https://browser-resources.s3.yandex.net/old/get/browser/launcher_images/windows/yandex/zen_win.targetsize-48.png",
               "type": "image/png"
            } ],
            "name": "Дзен",
            "scope": "https://zen.yandex.ru/",
            "start_url": "https://zen.yandex.ru/?utm_source=services&utm_medium=dstore_bro&utm_campaign=general_ru_desktop_no_all",
            "theme_color": "#2C3036"
         }
      }
   },
   "apps_list_autoinstall": [
    "https://calendar.yandex.ru/*",
    "https://yandex.ru/maps/*",
    "https://beru.ru/*",
    "https://yandex.ru/pogoda/*",
    "https://zen.yandex.ru/*",
    "https://market.yandex.ru/*"
    ],
   "apps_promo_list": [
    "https://music.yandex.ru/*",
    "https://translate.yandex.ru/*",
    "https://hd.kinopoisk.ru/*",
    "https://www.gosuslugi.ru/*",
    "https://local.yandex.ru/*",
    "https://disk.yandex.ru/*",
    "https://yandex.ru/q/*"
    ],
   "apps_store": [ {
      "apps": [ {
         "icon_url": "https://browser-resources.s3.yandex.net/old/get/browser/launcher_images/windows/yandex/pochta_win.targetsize-256.png",
         "name": "Почта",
         "scope": "https://mail.yandex.ru/"
      }, {
         "icon_url": "https://browser-resources.s3.yandex.net/old/get/browser/launcher_images/windows/yandex/corp_calendar_win.targetsize-256.png",
         "name": "Календарь",
         "scope": "https://calendar.yandex.ru/"
      }, {
         "icon_url": "https://browser-resources.s3.yandex.net/old/get/browser/launcher_images/windows/yandex/disk_win.targetsize-256.png",
         "name": "Диск",
         "scope": "https://disk.yandex.ru/"
      }, {
         "icon_url": "https://browser-resources.s3.yandex.net/old/get/browser/launcher_images/windows/yandex/translator_win.targetsize-256.png",
         "name": "Переводчик",
         "scope": "https://translate.yandex.ru/"
      }, {
         "icon_url": "https://browser-resources.s3.yandex.net/old/get/browser/launcher_images/windows/yandex/maps_win.targetsize-256.png",
         "name": "Карты",
         "scope": "https://yandex.ru/maps/"
      }, {
         "icon_url": "https://browser-resources.s3.yandex.net/old/get/browser/launcher_images/windows/yandex/taxi_win.targetsize-256.png",
         "name": "Такси",
         "scope": "https://taxi.yandex.ru/"
      }, {
         "icon_url": "https://browser-resources.s3.yandex.net/old/get/browser/launcher_images/windows/yandex/eda_win.targetsize-256.png",
         "name": "Еда",
         "scope": "https://eda.yandex/"
      }, {
         "icon_url": "https://browser-resources.s3.yandex.net/old/get/browser/launcher_images/windows/yandex/rayon_win.targetsize-256.png",
         "name": "Район",
         "scope": "https://local.yandex.ru/"
      }, {
         "icon_url": "https://browser-resources.s3.yandex.net/old/get/browser/launcher_images/windows/yandex/music_win.targetsize-256.png",
         "name": "Музыка",
         "scope": "https://music.yandex.ru/"
      }, {
         "icon_url": "https://browser-resources.s3.yandex.net/old/get/browser/launcher_images/windows/yandex/kinopoisk_win.targetsize-256.png",
         "name": "Кинопоиск HD",
         "scope": "https://hd.kinopoisk.ru/"
      }, {
         "icon_url": "https://browser-resources.s3.yandex.net/old/get/browser/launcher_images/windows/yandex/efir_win.targetsize-256.png",
         "name": "Эфир",
         "scope": "https://yandex.ru/efir/"
      }, {
         "icon_url": "https://browser-resources.s3.yandex.net/old/get/browser/launcher_images/windows/yandex/collections_win.targetsize-256.png",
         "name": "Коллекции",
         "scope": "https://yandex.ru/collections/"
      }, {
         "icon_url": "https://browser-resources.s3.yandex.net/old/get/browser/launcher_images/windows/yandex/beru_win.targetsize-256.png",
         "name": "Беру",
         "scope": "https://beru.ru/"
      }, {
         "icon_url": "https://browser-resources.s3.yandex.net/old/get/browser/launcher_images/windows/yandex/pogoda_win.targetsize-256.png",
         "name": "Погода",
         "scope": "https://yandex.ru/pogoda/"
      }, {
         "icon_url": "https://browser-resources.s3.yandex.net/old/get/browser/launcher_images/windows/yandex/avia_win.targetsize-256.png",
         "name": "Путешествия",
         "scope": "https://travel.yandex.ru/"
      }, {
         "icon_url": "https://browser-resources.s3.yandex.net/old/get/browser/launcher_images/windows/yandex/uslugi_win.targetsize-256.png",
         "name": "Услуги",
         "scope": "https://yandex.ru/uslugi/"
      }, {
         "icon_url": "https://browser-resources.s3.yandex.net/old/get/browser/launcher_images/windows/yandex/q_win.targetsize-256.png",
         "name": "Кью",
         "scope": "https://yandex.ru/q/"
      }, {
         "icon_url": "https://browser-resources.s3.yandex.net/old/get/browser/launcher_images/windows/yandex/zen_win.targetsize-256.png",
         "name": "Дзен",
         "scope": "https://zen.yandex.ru/"
      }, {
         "icon_url": "https://browser-resources.s3.yandex.net/old/get/browser/launcher_images/windows/yandex/market_win.targetsize-256.png",
         "name": "Маркет",
         "scope": "https://market.yandex.ru/"
      }  ],
      "name": "Популярные приложения"
   } ],
   "default_apps": [ {
      "install": "all",
      "scope": "https://telemost.yandex.ru/"
   }, {
      "install": "all",
      "scope": "https://yandex.ru/efir/"
   }, {
      "install": "all",
      "scope": "https://mail.yandex.ru/"
   } ]
}